<?xml version="1.0" encoding="UTF-8"?>
<!DOCTYPE mapper PUBLIC "-//mybatis.org//DTD Mapper 3.0//EN" "http://mybatis.org/dtd/mybatis-3-mapper.dtd">
<mapper namespace="org.skyrain.cloud.mall.cartorder.model.dao.OrderItemMapper">
  <resultMap id="BaseResultMap" type="org.skyrain.cloud.mall.cartorder.model.pojo.OrderItem">
    <id column="id" jdbcType="INTEGER" property="id" />
    <result column="order_no" jdbcType="VARCHAR" property="orderNo" />
    <result column="product_id" jdbcType="INTEGER" property="productId" />
    <result column="product_name" jdbcType="VARCHAR" property="productName" />
    <result column="product_img" jdbcType="VARCHAR" property="productImg" />
    <result column="unit_price" jdbcType="INTEGER" property="unitPrice" />
    <result column="quantity" jdbcType="INTEGER" property="quantity" />
    <result column="total_price" jdbcType="INTEGER" property="totalPrice" />
    <result column="create_time" jdbcType="TIMESTAMP" property="createTime" />
    <result column="update_time" jdbcType="TIMESTAMP" property="updateTime" />
  </resultMap>
  <sql id="Base_Column_List">
    id, order_no, product_id, product_name, product_img, unit_price, quantity, total_price, 
    create_time, update_time
  </sql>
  <select id="selectByPrimaryKey" parameterType="java.lang.Integer" resultMap="BaseResultMap">
    select 
    <include refid="Base_Column_List" />
    from imooc_mall_order_item
    where id = #{id,jdbcType=INTEGER}
  </select>
    <select id="selectByOrderNo" resultMap="BaseResultMap">
      select
      <include refid="Base_Column_List"/>
      from imooc_mall_order_item
      where order_no=#{orderNo,jdbcType=VARCHAR}
    </select>
    <delete id="deleteByPrimaryKey" parameterType="java.lang.Integer">
    delete from imooc_mall_order_item
    where id = #{id,jdbcType=INTEGER}
  </delete>
  <insert id="insert" parameterType="org.skyrain.cloud.mall.cartorder.model.pojo.OrderItem">
    insert into imooc_mall_order_item (id, order_no, product_id, 
      product_name, product_img, unit_price, 
      quantity, total_price, create_time, 
      update_time)
    values (#{id,jdbcType=INTEGER}, #{orderNo,jdbcType=VARCHAR}, #{productId,jdbcType=INTEGER}, 
      #{productName,jdbcType=VARCHAR}, #{productImg,jdbcType=VARCHAR}, #{unitPrice,jdbcType=INTEGER}, 
      #{quantity,jdbcType=INTEGER}, #{totalPrice,jdbcType=INTEGER}, #{createTime,jdbcType=TIMESTAMP}, 
      #{updateTime,jdbcType=TIMESTAMP})
  </insert>
  <insert id="insertSelective" parameterType="org.skyrain.cloud.mall.cartorder.model.pojo.OrderItem">
    insert into imooc_mall_order_item
    <trim prefix="(" suffix=")" suffixOverrides=",">
      <if test="id != null">
        id,
      </if>
      <if test="orderNo != null">
        order_no,
      </if>
      <if test="productId != null">
        product_id,
      </if>
      <if test="productName != null">
        product_name,
      </if>
      <if test="productImg != null">
        product_img,
      </if>
      <if test="unitPrice != null">
        unit_price,
      </if>
      <if test="quantity != null">
        quantity,
      </if>
      <if test="totalPrice != null">
        total_price,
      </if>
      <if test="createTime != null">
        create_time,
      </if>
      <if test="updateTime != null">
        update_time,
      </if>
    </trim>
    <trim prefix="values (" suffix=")" suffixOverrides=",">
      <if test="id != null">
        #{id,jdbcType=INTEGER},
      </if>
      <if test="orderNo != null">
        #{orderNo,jdbcType=VARCHAR},
      </if>
      <if test="productId != null">
        #{productId,jdbcType=INTEGER},
      </if>
      <if test="productName != null">
        #{productName,jdbcType=VARCHAR},
      </if>
      <if test="productImg != null">
        #{productImg,jdbcType=VARCHAR},
      </if>
      <if test="unitPrice != null">
        #{unitPrice,jdbcType=INTEGER},
      </if>
      <if test="quantity != null">
        #{quantity,jdbcType=INTEGER},
      </if>
      <if test="totalPrice != null">
        #{totalPrice,jdbcType=INTEGER},
      </if>
      <if test="createTime != null">
        #{createTime,jdbcType=TIMESTAMP},
      </if>
      <if test="updateTime != null">
        #{updateTime,jdbcType=TIMESTAMP},
      </if>
    </trim>
  </insert>
  <update id="updateByPrimaryKeySelective" parameterType="org.skyrain.cloud.mall.cartorder.model.pojo.OrderItem">
    update imooc_mall_order_item
    <set>
      <if test="orderNo != null">
        order_no = #{orderNo,jdbcType=VARCHAR},
      </if>
      <if test="productId != null">
        product_id = #{productId,jdbcType=INTEGER},
      </if>
      <if test="productName != null">
        product_name = #{productName,jdbcType=VARCHAR},
      </if>
      <if test="productImg != null">
        product_img = #{productImg,jdbcType=VARCHAR},
      </if>
      <if test="unitPrice != null">
        unit_price = #{unitPrice,jdbcType=INTEGER},
      </if>
      <if test="quantity != null">
        quantity = #{quantity,jdbcType=INTEGER},
      </if>
      <if test="totalPrice != null">
        total_price = #{totalPrice,jdbcType=INTEGER},
      </if>
      <if test="createTime != null">
        create_time = #{createTime,jdbcType=TIMESTAMP},
      </if>
      <if test="updateTime != null">
        update_time = #{updateTime,jdbcType=TIMESTAMP},
      </if>
    </set>
    where id = #{id,jdbcType=INTEGER}
  </update>
  <update id="updateByPrimaryKey" parameterType="org.skyrain.cloud.mall.cartorder.model.pojo.OrderItem">
    update imooc_mall_order_item
    set order_no = #{orderNo,jdbcType=VARCHAR},
      product_id = #{productId,jdbcType=INTEGER},
      product_name = #{productName,jdbcType=VARCHAR},
      product_img = #{productImg,jdbcType=VARCHAR},
      unit_price = #{unitPrice,jdbcType=INTEGER},
      quantity = #{quantity,jdbcType=INTEGER},
      total_price = #{totalPrice,jdbcType=INTEGER},
      create_time = #{createTime,jdbcType=TIMESTAMP},
      update_time = #{updateTime,jdbcType=TIMESTAMP}
    where id = #{id,jdbcType=INTEGER}
  </update>
</mapper>